"lvl_def_id","nb_success","nb_attempts","nb_people_there_atm","nb_churners","nb_users_been_there","nb_couldvechurned","avg_regular_torpedoes_used","avg_regular_torpedoes_left","avg_triple_torpedoes_used","avg_homing_torpedoes_used","game_length","lvl","APS","churn_rate","avg_time_spend","fun","AirCarrier","AirCarrier2","Attacker","Battleship","Battleship2","Bulker","Bulker2","Bulker3_planes","Destroyer","Destroyer2","Destroyer3","Destroyer3_ram","Destroyer3_shootBack","Hospital","Iceberg","Mountain","Mountain2","Mountain3","Mountain4","Mountain5","Plane1","Plane2","Plane2_shootBack","SmallTorpedoBoat","Submarine","SubmarineDive","Tanker","Tanker2","Transport","Transport2","Triton","TritonDive","NightVision","Underwater","ArcticSnow","LightRain","LightSnow","Regular","StormRain"
"Level_1",86528,113952,17641,12222,93072,69275,4.3,3,0,0,7898136149,1,1.31693786982249,0.17642728256947,84.8604967014784,0.66337250765466,0,0,0,0,0,0,0,0,1,0,0,0,0,0,0,0,0,0,0,0,0,0,0,0,0,0,1,0,0,0,0,0,0,0,0,0,0,1,0
"Level_2",75633,82441,13243,9088,78078,57883,4,3.8,0,0,4006387952,2,1.09001361839409,0.157006374928736,51.312635467097,0.74743381487629,0,0,0,0,0,1,0,0,0,0,0,0,0,0,0,0,0,0,0,0,0,0,0,0,0,0,0,0,1,0,0,0,0,0,0,0,0,1,0
"Level_4",65860,71083,10352,6933,66330,48845,4.2,4.5,0,0.03,3582197343,3,1.07930458548436,0.141938785955574,54.0056888738128,0.888564997021952,0,0,0,1,0,0,0,0,1,0,0,0,0,0,0,0,0,0,0,0,0,0,0,0,0,0,0,0,0,0,0,0,0,0,0,0,0,1,0
"Level_10",53264,57187,6482,4260,53737,39518,1.8,3.2,0,0.02,1919019105,4,1.07365199759688,0.107798977681057,35.7113181792806,0.905028735516377,0,0,0,0,0,0,0,0,0,0,0,0,0,0,0,0,0,0,0,0,0,0,0,0,0,0,0,0,0,0,1,0,0,0,0,0,0,1,0
"Level_11",49830,57644,7557,4854,49405,36162,4.8,2.2,0,0.08,3169333712,5,1.15681316476018,0.134229301476688,64.150059953446,1.06252810969402,0,0,0,0,0,0,0,0,1,0,0,0,0,0,0,0,0,0,0,0,0,0,0,0,0,0,1,0,0,0,0,0,0,0,0,0,0,1,0
"Level_13",43866,50754,5582,3523,44483,32500,5.3,1.8,0.02,0.1,2654398400,6,1.1570236629736,0.1084,59.6721983679158,1.34960771714359,0,0,1,0,0,0,0,0,1,0,0,0,0,0,0,0,0,0,0,0,0,0,0,0,0,0,0,0,0,0,0,0,0,0,0,0,0,1,0
"Level_15",39453,56221,5964,3656,40422,29344,5.2,1.1,0.02,0.11,4001536313,7,1.42501203964211,0.124591057797165,98.994020904458,1.11499492883199,0,0,0,0,0,1,0,0,1,0,0,0,0,0,0,0,0,0,0,0,0,0,0,0,0,0,0,0,0,0,0,0,0,0,0,0,0,1,0
"Level_16",36237,39565,3497,2093,36301,26232,2.9,2.1,0.01,0.06,1508416441,8,1.09183983221569,0.0797880451357121,41.5530272168811,1.363562195625,0,0,0,0,0,0,0,0,1,0,0,0,0,0,0,0,0,0,0,0,0,0,0,0,0,0,1,0,0,0,0,0,0,0,0,0,0,1,0
"Level_17",38597,51081,4203,2449,35689,25707,5.9,1.3,0.05,0.12,3689589095,9,1.32344482731819,0.095265880888474,103.381688895738,1.30679884391088,0,0,0,0,0,0,0,0,1,0,0,0,0,0,0,0,0,0,0,0,0,0,0,0,0,0,1,0,0,0,0,0,0,0,0,0,0,1,0
"Level_19",36469,37959,2390,1409,33001,23659,3.5,2.5,0.04,0.07,1543397418,10,1.04085661794949,0.0595545035715795,46.7682015090452,1.61026023860411,0,0,0,1,0,0,0,0,1,0,0,0,0,0,0,0,0,0,0,0,0,0,0,0,0,0,0,0,0,0,0,0,0,0,0,0,0,1,0
"Level_20",37201,56191,4361,2495,31337,22338,2.3,1.4,0.02,0.07,2620284462,11,1.51047014865192,0.111693079058107,83.6163149631426,0.838348551912701,0,0,0,0,0,0,0,0,1,0,0,0,0,0,0,0,0,0,0,0,0,0,0,0,0,0,0,0,0,0,0,0,0,0,0,0,0,1,0
"Level_20090",24981,65943,6671,3739,29487,21039,5.8,1,0.09,0.33,5256537015,12,2.63972619190585,0.177717572127953,178.266253433717,0.857683836294029,0,0,0,0,0,0,0,0,0,0,0,0,0,0,0,0,0,0,0,0,0,0,0,1,0,0,1,0,0,0,0,0,0,0,0,0,0,1,0
"Level_101",24522,33627,2789,1502,23867,16841,4.6,3.1,0.09,0.21,2619730524,13,1.37129924149743,0.0891871029036281,109.763712406251,0.673451420560531,0,0,0,1,0,0,0,0,0,0,0,0,0,0,0,0,0,0,0,0,0,0,0,1,0,0,0,0,0,0,0,0,0,0,0,0,0,1,0
"Level_41",25167,34885,2571,1323,23310,16418,6.2,2.2,0.11,0.16,3260661340,14,1.38614058091946,0.080582287732976,139.882511368511,1.07286099507265,0,0,0,0,0,1,0,0,0,0,0,0,0,0,0,1,0,0,0,0,0,0,0,0,0,0,1,0,0,0,0,0,0,0,0,0,0,1,0
"Level_44",20958,25757,1337,733,20780,14631,2.6,2.4,0.05,0.08,1321308620,15,1.22898177306995,0.0500991046408311,63.5855928777671,1.48532666498772,0,0,0,1,0,0,0,0,0,0,0,0,0,1,0,0,0,0,0,0,0,0,0,0,0,0,0,0,0,0,0,0,0,0,0,0,0,1,0
"Level_59",24295,28031,1491,774,21592,15173,4.8,1.4,0.09,0.18,1450998669,16,1.15377649722165,0.05101166545838,67.2007534735087,1.12260623535726,0,0,0,0,0,0,0,0,1,0,0,0,0,0,0,0,0,0,0,0,0,0,0,1,0,0,0,0,0,0,0,0,0,0,0,0,0,1,0
"Level_45",22595,32664,2357,1204,20750,14506,7.3,3.2,0.11,0.14,3115821357,17,1.44562956406285,0.0830001378739832,150.16006539759,1.06038622378254,0,0,0,0,0,0,0,0,0,0,0,0,0,1,0,0,0,0,0,0,0,0,0,0,0,0,1,0,1,0,0,0,0,0,0,0,0,1,0
"Level_60",22018,39502,2523,1309,20571,14491,5.6,1.1,0.12,0.28,2703220318,18,1.7940775728949,0.0903319301635498,131.409280929464,0.928455963561912,0,0,0,0,0,0,0,0,0,0,0,0,0,0,0,0,0,0,0,0,0,0,0,1,0,0,0,0,0,0,0,0,0,0,0,0,0,1,0
"Level_20091",19338,27455,2032,1030,18695,13083,10.9,4,0.25,0.38,3360586920,19,1.4197435101872,0.0787281204616678,179.758594276545,0.950803058647644,0,0,0,1,0,1,0,0,0,0,0,0,0,0,0,0,0,0,0,0,0,0,0,1,0,0,0,0,1,0,0,0,0,0,0,0,0,1,0
"Level_95",17323,25339,1841,906,17688,12338,7.1,4.2,0.13,0.16,3054443885,20,1.46273740114299,0.07343167450154,172.684525384441,0.899106191120267,0,0,0,1,0,0,0,0,0,0,0,0,0,1,0,0,0,0,0,0,0,0,0,0,0,0,1,0,1,0,0,0,0,0,0,0,0,1,0
"Level_90096",17055,23454,1396,640,16261,11187,8.7,2.7,0.2,0.25,3176552819,21,1.37519788918206,0.0572092607490838,195.347937949696,1.0685466780235,0,0,0,0,1,0,1,1,0,0,0,0,0,1,0,1,0,0,0,0,0,0,0,0,0,0,0,1,0,0,0,0,0,0,0,0,0,1,0
"Level_42",13795,18109,1050,464,14041,9496,9.1,3.3,0.2,0.27,2461865919,22,1.3127220007249,0.0488626790227464,175.334087244498,1.63383243812276,0,0,0,1,0,0,0,0,1,0,0,0,0,0,0,1,1,0,0,0,0,0,0,0,0,0,0,0,0,0,0,0,0,0,0,0,0,1,0
"Level_106",16560,17456,747,355,15290,10480,2.8,2.2,0.04,0.06,792654689,23,1.05410628019324,0.0338740458015267,51.8413792674951,1.71024444240973,0,0,0,0,0,0,0,0,0,1,0,0,0,0,0,0,1,0,0,0,0,0,0,0,0,0,0,1,0,0,0,0,0,0,0,0,0,1,0
"Level_100",6513,8524,273,103,6224,4047,1.8,2.4,0.06,0.2,366595065,24,1.30876708122217,0.0254509513219669,58.9002353791774,1.57858811345925,0,0,0,0,0,0,0,0,0,0,0,0,0,0,0,0,0,0,0,0,0,0,0,1,0,0,0,0,0,0,0,0,0,0,0,0,0,1,0
"Level_9",18820,20367,867,466,16584,11408,5.9,4.5,0.13,0.11,1270723327,25,1.08219978746015,0.0408485273492286,76.6234519416305,1.44296303682569,1,0,0,0,0,0,0,0,1,0,0,0,0,0,0,0,0,0,0,0,0,0,0,0,0,0,1,0,0,0,0,0,0,0,0,0,0,1,0
"Level_99",12755,22304,1128,526,13146,8825,3.8,1.8,0.11,0.21,1766009662,26,1.74864758918071,0.0596033994334278,134.338176023125,1.27091501101677,0,0,0,0,0,0,0,0,1,0,0,1,0,1,0,0,0,0,0,0,0,0,0,0,0,0,0,0,0,0,0,0,0,0,0,0,0,1,0
"Level_102",15670,16869,733,361,14180,9647,5.8,2.3,0.11,0.12,1187070601,27,1.07651563497128,0.0374209598839017,83.7144288434415,1.62761141931222,0,0,0,0,0,0,1,0,0,1,0,0,0,0,0,0,0,0,0,0,0,0,0,0,0,0,0,0,0,0,0,0,0,0,0,0,0,1,0
"Level_90083",10444,48005,3722,1737,13631,9193,6.4,6.1,0.2,0.24,3029209124,28,4.59641899655304,0.188948112694441,222.229412662314,0.996220985715733,0,0,0,0,0,0,1,1,0,0,0,0,1,0,1,0,0,0,0,0,0,0,0,0,0,0,0,0,0,0,0,0,0,0,0,0,1,0,0
"Level_92",10117,15567,1011,432,10473,6909,7.3,2.9,0.22,0.3,1384092990,29,1.53869724226549,0.0625271385149805,132.158215411057,1.5374215914285,0,0,0,0,0,0,1,0,0,0,0,0,1,0,0,0,0,0,0,0,0,0,0,0,0,0,0,0,0,0,0,0,0,0,0,0,0,1,0
"Level_46",10253,13460,591,268,10253,6772,2.7,3.4,0.17,0.22,1286692050,30,1.31278650151175,0.0395747194329592,125.494201697064,0.255648554053388,1,0,0,0,0,0,0,0,0,0,0,0,0,1,0,0,0,0,0,0,1,0,0,0,0,0,0,0,0,0,0,0,0,0,0,0,0,1,0
"Level_90077",12643,19588,1234,563,11917,8087,9.4,2.3,0.33,0.38,2635842469,31,1.54931582693981,0.0696179052800791,221.183390870185,0.226843481792234,0,1,0,0,0,0,1,0,0,0,0,1,0,0,0,0,1,1,0,0,0,0,0,0,0,0,0,0,0,0,0,0,0,0,0,1,0,0,0
"Level_51",9881,11000,473,212,9754,6425,5.1,2.1,0.1,0.13,651357613,32,1.11324764699929,0.0329961089494163,66.7785127127332,1.97473753796134,0,0,0,0,0,0,0,0,0,0,0,1,0,0,0,0,1,0,0,0,0,0,0,0,0,0,0,0,0,0,0,0,0,0,0,0,0,1,0
"Level_20087",9378,16186,808,331,9680,6359,6.1,1.9,0.21,0.27,1344086430,33,1.72595436127106,0.0520522094668973,138.85190392562,1.47689087114041,0,0,0,0,0,1,0,0,0,0,0,1,1,0,0,0,0,0,0,0,0,0,0,0,0,0,0,0,0,0,0,0,0,0,0,0,0,1,0
"Level_90016",12300,13945,594,286,11090,7497,3.3,2.7,0.08,0.08,731351821,34,1.13373983739837,0.0381485927704415,65.9469631199279,0.246926489263057,0,0,0,0,0,0,0,0,0,1,0,0,0,0,1,0,0,0,0,0,0,0,0,0,0,0,0,1,0,0,0,0,0,0,1,0,0,0,0
"Level_52",9472,11569,434,189,9337,6114,3.4,1,0.08,0.14,481428274,35,1.22138935810811,0.0309126594700687,51.5613445432152,2.53000566711257,0,0,0,0,0,0,0,0,0,0,0,0,1,0,0,0,0,1,0,0,0,0,0,0,0,0,0,0,0,0,0,0,0,0,0,0,0,1,0
"Level_105",12554,13102,626,328,11028,7441,9.9,8.1,0.3,0.16,1311327183,36,1.04365142584037,0.044080096761188,118.908884929271,0.229319151247207,0,0,0,0,1,0,0,0,0,0,0,0,0,0,0,0,0,1,0,0,0,0,0,0,0,0,0,1,0,1,0,0,0,0,0,0,0,1,0
"Level_123",12176,13924,672,312,10861,7349,4.5,1.7,0.12,0.17,996307597,37,1.14356110381078,0.0424547557490815,91.7325842003499,0.461846596743194,0,0,0,0,0,0,1,0,0,1,0,0,0,0,0,0,0,0,0,0,0,0,0,0,0,0,0,0,0,0,0,0,1,0,0,0,0,1,0
"Level_74",9283,9781,431,177,9053,5906,6.8,3.3,0.15,0.11,716260145,38,1.05364645050092,0.0299695225194717,79.1185402628963,1.39216814572787,0,0,0,0,0,1,0,0,0,0,0,1,0,0,0,0,0,0,0,0,0,0,0,0,0,0,0,0,1,0,0,0,0,0,0,0,0,1,0
"Level_71",9195,12407,529,205,9150,5964,4.5,1.1,0.11,0.2,864395021,39,1.34932028276237,0.0343729040912139,94.4694012021858,1.1955424636418,0,0,0,0,0,0,0,0,1,0,0,0,0,0,0,0,0,0,0,0,0,0,0,0,0,0,1,0,0,0,0,0,0,1,0,0,0,1,0
"Level_90014",12160,13415,576,239,10586,7112,6.1,2.1,0.14,0.1,966823767,40,1.10320723684211,0.0336051743532058,91.3304144152654,0.803431235348869,0,0,0,0,0,0,0,1,0,1,0,0,0,0,0,0,0,0,0,0,0,0,0,0,0,0,0,0,0,0,0,0,0,0,0,0,0,1,0
"Level_126",7918,22414,1383,558,8842,5871,5.9,1.1,0.23,0.55,1965108688,41,2.83076534478404,0.0950434338272867,222.247080750961,0.93584365470552,0,0,0,0,0,0,0,0,0,0,0,0,0,0,0,0,0,0,0,0,0,0,0,1,0,0,0,0,0,0,0,0,0,0,0,1,0,0,0
"Level_97",9041,14052,684,281,9113,5990,5,2.5,0.24,0.28,1470336083,42,1.55425284813627,0.0469115191986644,161.34490102052,0.173941173800319,1,0,0,0,0,0,0,0,1,0,0,0,0,1,0,0,0,0,0,0,1,0,0,0,0,0,0,0,0,0,0,0,0,0,0,0,0,1,0
"Level_6",14837,15322,1104,644,14038,9657,5,6.8,0.05,0.14,817141516,43,1.03268854889803,0.0666873770322046,58.2092545946716,1.29650164717663,0,0,0,0,0,1,0,0,1,0,0,0,0,0,0,0,0,0,0,0,0,0,0,0,0,0,0,0,1,0,0,0,0,0,0,0,0,1,0
"Level_90076",11793,13969,693,324,10376,6994,8.2,3.2,0.27,0.28,1537377153,44,1.18451623844654,0.0463254217901058,148.166649286816,-0.0291657884593913,0,1,0,0,0,0,0,0,0,0,0,1,0,0,0,0,0,0,0,0,0,0,0,0,0,0,0,1,0,0,0,0,1,0,0,0,0,1,0
"Level_20088",8722,11859,531,220,8732,5755,5.9,1.7,0.23,0.32,898880067,45,1.35966521440037,0.0382276281494353,102.940914681631,1.81802753856907,0,0,0,0,0,0,0,0,0,0,0,1,1,0,0,0,0,0,0,0,0,0,0,0,0,0,1,0,0,0,0,0,0,0,0,0,0,1,0
"Level_78",8906,11307,456,206,8724,5748,6.2,2.2,0.2,0.23,985077526,46,1.26959353245003,0.0358385525400139,112.915809949564,0.997363394405454,0,0,0,1,0,0,0,0,0,0,0,1,0,0,0,1,1,0,0,0,0,0,0,0,0,0,0,0,0,0,0,0,0,0,0,0,0,1,0
"Level_79",8675,9241,289,121,8447,5532,1.9,2.2,0.05,0.12,373527030,47,1.06524495677233,0.0218727404193782,44.2200816858056,2.46017839972726,0,0,0,0,0,0,0,0,0,0,0,0,1,0,0,0,0,0,0,0,0,0,0,0,0,0,0,0,0,0,0,0,0,0,0,0,0,1,0
"Level_114",11775,12212,524,233,10077,6816,4.1,4.9,0.17,0.12,840108631,48,1.03711252653928,0.0341842723004695,83.368922397539,-0.248179789749336,0,1,0,0,0,0,0,0,0,1,0,0,0,0,0,1,0,0,0,0,0,0,1,0,0,0,0,1,0,0,0,0,0,0,0,0,0,1,0
"Level_7",14939,17219,916,510,13297,9129,4.2,4.2,0.08,0.11,971226684,49,1.15262065733985,0.0558659217877095,73.0410381289013,0.807957180610814,0,0,0,0,0,0,0,0,1,0,0,0,0,0,0,0,0,0,0,0,0,0,0,0,0,0,1,0,0,0,0,0,0,0,0,0,0,1,0
"Level_76",8246,9671,471,203,8228,5399,7.5,2.8,0.29,0.25,987845654,50,1.17281105990783,0.0375995554732358,120.059024550316,0.150232783180958,1,0,0,0,0,0,0,0,0,0,0,1,0,0,0,0,0,0,0,0,0,0,0,0,0,0,1,0,0,0,0,0,0,0,0,0,0,1,0
"Level_67",7729,8368,353,159,7683,5034,5.3,3.8,0.15,0.2,531876005,51,1.08267563721051,0.031585220500596,69.2276461017832,0.892925594730269,0,0,0,0,0,0,0,0,0,0,0,0,0,0,0,0,0,0,0,0,0,0,0,0,1,0,0,0,0,0,0,0,0,1,0,0,0,1,0
"Level_20085",8047,12943,670,279,8132,5404,9.7,3,0.43,0.51,1337886080,52,1.6084255001864,0.0516284233900814,164.52116084604,1.24855739091144,0,0,0,1,0,0,0,0,0,0,0,1,1,0,0,0,0,0,0,0,0,0,0,0,0,0,0,0,0,0,0,0,0,0,0,0,0,1,0
"Level_48",7941,9105,403,171,7769,5142,7.7,3.5,0.21,0.2,1078001681,53,1.14658103513411,0.0332555425904317,138.75681310336,0.564514932251974,0,0,0,1,0,0,0,0,1,0,0,0,0,1,0,0,0,1,0,0,0,0,0,0,0,0,1,0,0,0,0,0,0,0,0,0,0,1,0
"Level_120",7836,11897,492,215,7771,5155,4.2,1.6,0.18,0.19,1025624909,54,1.51824910668709,0.0417070805043647,131.98107180543,0.188588791517059,0,0,0,0,1,0,1,0,0,1,0,0,0,0,0,0,0,0,1,1,0,1,0,0,0,0,0,0,0,0,0,0,0,0,1,0,0,0,0
"Level_98",7827,9947,370,144,7661,5076,6.7,2.8,0.25,0.3,845305712,55,1.27085728887185,0.0283687943262411,110.338821563765,1.90209564459464,0,0,0,0,0,0,0,0,0,0,0,0,1,0,0,0,0,0,0,0,0,0,0,0,0,0,0,0,1,0,0,0,0,0,0,0,0,1,0
"Level_103",10671,11309,494,233,9284,6302,4.5,2.6,0.1,0.1,727656484,56,1.05978821103927,0.03697238971755,78.3774756570444,0.0896410767675553,0,0,0,0,0,0,1,0,0,1,0,0,0,0,0,0,0,0,0,0,0,0,0,0,0,0,0,0,0,0,0,0,1,0,0,0,0,1,0
"Level_53",7066,21811,1310,543,8056,5343,8,3,0.32,0.45,1958902268,57,3.08675346730824,0.101628298708591,243.160658887786,1.18674929787118,0,0,0,0,0,0,0,0,0,0,0,0,1,0,0,0,1,0,0,0,0,0,0,0,0,0,0,0,0,0,0,0,0,0,0,0,0,1,0
"Level_20083",7269,8994,398,163,7160,4698,9.6,3,0.36,0.31,831931816,58,1.23730912092447,0.0346956151553853,116.191594413408,1.11235943074029,0,0,0,0,0,1,0,0,0,0,0,0,1,0,0,0,0,0,0,0,0,0,0,0,0,0,0,0,1,0,0,0,0,0,0,0,0,1,0
"Level_77",7351,8203,364,166,7186,4749,8.4,3.9,0.24,0.18,852169886,59,1.11590259828595,0.0349547273110128,118.587515446702,0.54209578086296,1,0,0,0,0,1,0,0,0,0,0,1,0,0,0,0,1,1,0,0,0,0,0,0,0,0,0,0,0,0,0,0,0,0,0,0,0,1,0
"Level_116",10424,10912,489,260,8974,6157,4.9,7.2,0.19,0.13,1011571301,60,1.04681504221028,0.0422283579665421,112.722453866726,-0.401772052643942,0,0,0,0,1,0,1,0,0,0,0,0,0,0,0,0,1,1,0,0,0,0,1,0,0,0,0,0,0,0,0,0,0,0,0,0,0,1,0
"Level_50",7364,9297,310,125,7179,4741,3.3,1.2,0.09,0.14,476730501,61,1.26249321021184,0.0263657456232862,66.4062544922691,1.80505485163119,0,0,0,0,0,0,0,0,0,0,0,1,0,0,0,1,0,0,0,0,0,0,0,0,0,0,0,0,0,0,0,0,0,0,0,0,0,1,0
"Level_109",10383,10837,469,229,8769,5983,4,8.1,0.08,0.16,634588532,62,1.043725320235,0.0382751128196557,72.3672633139469,0.911974465127723,0,0,0,0,0,0,0,0,0,0,0,0,0,0,0,0,0,0,0,0,0,0,0,0,0,0,0,0,0,0,0,1,0,1,0,0,0,1,0
"Level_96",7257,8066,338,157,7111,4672,8.1,4.1,0.21,0.16,971680872,63,1.11147857241284,0.0336044520547945,136.644757699339,0.438671068609527,0,0,0,0,1,0,1,1,0,0,0,0,0,1,0,1,0,0,0,0,0,0,0,0,0,0,0,1,0,0,0,0,0,0,0,0,0,1,0
"Level_90074",10005,10915,448,203,8688,5915,6.7,2.5,0.17,0.13,828866200,64,1.09095452273863,0.0343195266272189,95.4035681399632,0.142153577523765,0,0,0,0,0,0,1,1,0,0,0,1,0,0,0,0,0,0,0,0,0,0,0,0,0,0,0,0,0,0,0,0,1,0,0,0,0,1,0
"Level_5",16164,16734,1028,624,15074,10550,2.8,3.4,0.02,0.03,676685661,65,1.03526354862658,0.0591469194312796,44.8909155499536,0.725781408251747,0,0,0,0,0,0,0,0,1,0,0,0,0,0,0,0,0,0,0,0,0,0,0,0,0,0,0,0,0,0,0,0,0,0,0,0,0,1,0
"Level_12",10757,11041,369,194,9610,6535,1.1,2.5,0.01,0.07,313095938,66,1.02640141303337,0.0296863045141546,32.5802224765869,1.50093006658872,0,0,0,0,0,0,0,0,0,0,0,0,0,0,0,0,0,0,0,0,0,0,0,0,0,0,0,0,0,0,1,0,0,0,0,0,0,1,0
"Level_90086",6771,16228,820,364,7248,4767,7,8.2,0.19,0.26,1183708830,67,2.39669177374095,0.0763582966226138,163.315235927152,1.3044698203307,0,0,0,0,1,0,0,0,0,0,0,1,1,0,1,0,0,0,0,0,0,0,0,0,0,0,0,0,0,0,0,0,0,0,0,0,0,1,0
"Level_54",6474,12013,744,323,6865,4482,9.4,3.1,0.4,0.56,1203314905,68,1.85557615075687,0.07206604194556,175.282579024035,1.50749591316073,0,0,0,0,0,0,0,0,0,0,0,1,1,0,0,0,0,1,0,0,0,0,0,0,0,0,0,0,0,0,0,0,0,0,0,0,0,1,0
"Level_108",9852,10402,427,199,8395,5599,2.8,3.3,0.06,0.12,534620767,69,1.05582622817702,0.0355420610823361,63.6832360929124,1.32915863188156,0,0,0,0,0,0,0,0,0,0,0,0,0,0,0,0,0,0,0,0,0,0,0,0,0,1,0,0,0,0,0,0,0,0,0,0,0,1,0
"Level_68",7206,7952,326,138,6902,4475,5.7,3.5,0.14,0.17,593148522,70,1.10352484041077,0.0308379888268156,85.9386441611127,1.00096613402091,0,0,0,0,0,1,0,0,1,0,0,0,0,0,0,0,0,0,0,0,0,0,0,0,1,0,0,0,0,0,0,0,0,1,0,0,0,1,0
"Level_111",9785,10234,406,184,8304,5591,5.7,4.3,0.13,0.1,706450937,71,1.04588656106285,0.0329100339831873,85.073571411368,1.10757490644636,0,0,0,0,0,0,1,1,0,0,1,0,0,0,0,1,1,0,0,0,0,0,0,0,0,0,0,0,0,0,0,0,0,0,0,0,0,1,0
"Level_72",6660,7718,364,151,6578,4254,6.2,3.1,0.2,0.25,688935153,72,1.15885885885886,0.035496003761166,104.733224840377,1.51077291555926,0,0,0,0,0,0,1,0,0,0,0,1,0,0,0,0,0,0,0,0,0,0,0,0,0,0,0,0,0,0,0,0,0,0,0,0,0,1,0
"Level_124",9829,10480,402,185,8331,5605,2.4,2.7,0.05,0.11,472415835,73,1.06623257706786,0.0330062444246209,56.705777817789,0.92473768459322,0,0,0,0,0,0,0,0,0,0,0,0,0,0,0,0,0,0,0,0,0,0,0,0,1,0,0,0,0,0,0,0,1,0,0,0,0,1,0
"Level_113",9777,10047,371,186,8259,5531,2.6,4.4,0.09,0.07,488793461,74,1.02761583307763,0.0336286385825348,59.1831288291561,0.685908502784359,0,0,0,0,1,0,0,0,0,1,0,0,0,0,0,0,0,0,1,1,0,0,1,0,0,0,0,0,0,0,0,0,0,0,0,0,0,1,0
"Level_61",7006,7241,218,96,6612,4269,1.9,3.2,0.14,0.04,332946356,75,1.03354267770482,0.022487702037948,50.3548632788869,-0.631857706210841,1,0,0,0,0,0,0,0,0,0,0,0,0,0,0,0,1,0,0,0,1,0,0,0,0,0,0,0,0,0,0,0,0,0,0,0,0,1,0
"Level_49",6455,9137,436,164,6480,4163,8.1,5.2,0.29,0.4,1192913538,76,1.41549186676995,0.0393946673072304,184.09159537037,1.58618376803822,0,0,0,1,0,0,0,0,1,0,0,0,0,1,0,0,0,0,0,0,0,0,0,0,0,0,0,0,0,0,0,0,0,0,0,0,0,1,0
"Level_8",10865,11100,362,169,8804,5956,0.9,2.1,0.03,0.02,307581568,77,1.02162908421537,0.0283747481531229,34.9365706497047,1.04712231061817,0,0,0,0,0,0,0,0,1,0,0,0,0,0,0,0,0,0,0,0,1,0,0,0,0,0,0,0,0,0,0,0,0,0,0,0,0,1,0
"Level_115",9710,10040,424,202,8091,5400,3.5,6.6,0.17,0.11,761932756,78,1.03398558187436,0.0374074074074074,94.1704061302682,-0.025547755269379,0,1,0,0,1,0,0,0,0,0,0,0,0,0,0,0,0,1,0,0,0,0,1,0,0,0,0,0,0,0,0,0,0,0,0,0,0,1,0
"Level_112",9581,10282,471,227,7961,5366,7.3,5.8,0.21,0.16,1065998090,79,1.07316564032982,0.0423033917256802,133.902536113554,0.646803693963151,0,0,0,0,1,0,1,0,0,1,0,0,0,0,0,0,1,0,0,0,0,0,0,0,0,0,0,0,0,0,0,0,0,0,0,0,0,1,0
"Level_90088",9400,12919,528,251,8179,5539,5.9,1.7,0.22,0.3,974068133,80,1.37436170212766,0.0453150388156707,119.09379300648,1.39796630551961,0,0,0,0,0,0,0,0,0,0,0,1,1,0,0,0,0,0,0,0,0,0,0,0,0,0,0,1,0,0,0,0,1,0,0,0,0,1,0
"Level_118",6548,12809,614,244,6665,4377,5.1,4.1,0.15,0.22,898343169,81,1.95616982284667,0.0557459447109893,134.785171642911,1.11111006339267,0,0,0,0,1,0,0,0,0,1,0,0,0,0,1,0,0,0,0,0,0,0,0,0,0,0,0,0,0,1,0,0,0,0,0,1,0,0,0
"Level_75",6077,6807,293,127,6008,3857,6.6,3.6,0.33,0.27,596322438,82,1.12012506170808,0.0329271454498315,99.254733355526,0.703396316176909,1,0,0,1,0,0,0,0,0,0,0,1,0,0,0,0,0,0,0,0,0,0,0,0,0,0,0,0,0,0,0,0,0,0,0,0,0,1,0
"Level_90013",9392,10585,416,189,7972,5311,5.1,2.2,0.19,0.16,630577154,83,1.12702299829642,0.0355865185464131,79.0989907175113,0.531313198376122,0,1,0,0,0,0,0,0,0,1,0,0,0,0,0,0,0,0,0,0,0,0,0,0,0,0,0,0,0,0,0,0,0,0,0,0,0,0,1
"Level_90042",9537,11365,550,249,8206,5514,8.1,3.3,0.27,0.3,1238629744,84,1.19167453077488,0.0451577801958651,150.941962466488,1.01028049885375,0,0,0,0,1,0,0,0,0,1,0,0,0,0,0,1,1,0,0,0,0,0,0,0,0,0,0,0,0,0,0,0,0,0,0,1,0,0,0
"Level_73",6148,10255,471,188,6250,4060,6.1,2.2,0.29,0.41,1058023693,85,1.66802212101496,0.0463054187192118,169.28379088,1.72520599743187,0,0,0,0,0,0,0,0,0,0,0,1,0,0,0,0,0,0,0,0,0,0,0,0,0,0,0,0,1,0,0,0,0,0,0,0,0,1,0
"Level_20089",6561,8920,319,129,6324,4109,4.5,1.3,0.2,0.21,634911071,86,1.35954884926078,0.0313944998783159,100.397070050601,0.314410397002408,0,0,0,0,0,1,0,0,0,0,0,0,0,0,0,0,0,0,0,0,0,0,0,1,0,0,0,0,1,0,0,0,0,0,0,0,0,1,0
"Level_56",9332,10568,428,215,8064,5426,2.6,1.8,0.05,0.19,437830787,87,1.13244749249893,0.0396240324364173,54.2944924355159,1.67935836562751,0,0,0,0,0,0,0,0,0,0,0,0,0,0,0,0,0,1,0,0,0,0,0,1,0,0,0,0,0,0,0,0,0,0,0,0,0,1,0
"Level_90078",9145,10501,464,201,7785,5197,6.2,3,0.17,0.18,891713401,88,1.14827774740295,0.0386761593226862,114.542504945408,1.32714664666596,0,0,0,0,1,0,0,0,0,0,0,1,0,0,0,1,1,0,0,0,0,0,0,0,0,0,0,0,0,0,0,0,1,0,0,0,0,1,0
"Level_125",13296,22103,1351,618,13904,9428,5,1.5,0.15,0.32,1987514794,89,1.66237966305656,0.0655494272380144,142.945540420023,1.73857674365253,0,0,0,0,0,0,0,0,0,0,0,1,0,0,0,1,0,0,0,0,0,0,0,0,0,0,0,0,0,0,0,0,0,0,0,1,0,0,0
"Level_84",6456,7986,332,144,6246,4074,6.7,2.9,0.29,0.39,713937318,90,1.23698884758364,0.0353460972017673,114.303124879923,3.22905635906208,0,0,0,0,0,0,0,0,0,0,0,1,1,0,0,0,0,0,0,0,0,0,0,0,0,0,1,0,0,0,0,0,0,0,0,0,0,1,0
"Level_18",12062,12542,451,244,8821,6016,5,2.4,0.15,0.08,638833064,91,1.03979439562262,0.0405585106382979,72.4218415145675,1.51876912331542,0,0,0,0,0,1,0,0,0,0,0,0,0,0,0,0,0,0,0,0,0,0,0,0,0,0,1,0,0,0,0,0,0,0,0,0,0,1,0
"Level_110",9134,9435,374,170,7687,5111,8.7,9.4,0.18,0.13,816956297,92,1.03295379899277,0.0332615926433183,106.27765018863,3.10613539949797,0,0,0,0,1,0,1,1,0,0,1,0,0,0,0,0,1,0,0,0,0,0,0,0,0,0,0,0,0,0,0,0,0,0,0,0,0,1,0
"Level_81",6359,7879,342,124,6160,4012,9,3.6,0.41,0.42,749199814,93,1.23903129422865,0.0309072781655035,121.623346428571,3.34089018304284,1,0,0,0,0,0,0,0,0,0,0,0,1,0,0,0,0,0,0,0,0,0,0,0,0,0,0,0,1,0,0,0,0,0,0,0,0,1,0
"Level_90056",8985,11326,423,196,7715,5159,2.5,1.1,0.07,0.2,495293489,94,1.26054535336672,0.0379918588873813,64.1987672067401,2.17062964948966,0,0,0,0,0,0,0,0,0,0,0,0,0,0,0,0,0,1,0,0,0,0,0,1,0,0,0,0,0,0,0,0,0,0,0,0,0,1,0
"Level_104",9415,9666,355,165,7754,5217,2.8,5.2,0.05,0.04,371956735,95,1.02665958576739,0.031627372052904,47.9696588857364,2.36903694107206,0,0,0,0,0,0,0,0,0,1,0,0,0,0,0,0,1,0,0,0,0,0,0,0,0,0,0,1,0,0,0,0,1,0,0,0,0,1,0
"Level_20082",6220,7955,296,123,6017,3903,6.4,2.2,0.33,0.38,710631687,96,1.27893890675241,0.0315142198308993,118.103986538142,3.423301174345,0,1,0,0,0,0,0,0,0,0,0,0,1,0,0,1,0,0,0,0,0,0,0,0,0,0,0,1,0,0,0,0,0,0,0,0,0,1,0
"Level_43",6260,7271,296,124,6011,3872,5.2,3.1,0.18,0.21,713684577,97,1.16150159744409,0.0320247933884297,118.729758276493,2.94838055652743,0,0,0,1,0,0,0,0,1,0,0,0,0,1,0,0,0,0,0,0,0,0,0,0,0,0,0,0,0,0,0,0,0,0,0,0,0,1,0
"Level_80",6164,8321,5095,3181,6019,3924,6.1,1.9,0.19,0.33,568421583,98,1.34993510707333,0.810652395514781,94.4378772221299,0.222966819178288,0,0,0,0,0,0,0,0,0,0,0,0,1,0,0,0,0,0,0,0,0,0,0,0,0,0,0,0,0,0,0,0,0,0,0,0,0,1,0
"Level_14",4198,4577,192,108,3259,2304,6.9,2.3,0.21,0.19,316272349,99,1.09028108623154,0.046875,97.0458266339368,2.38209529271527,0,0,0,0,0,0,0,0,1,0,0,0,0,0,0,0,0,0,0,0,0,0,0,0,0,0,0,0,1,0,0,0,0,0,0,0,0,1,0
"Level_90082",4181,5923,314,178,2872,2120,7.5,2.2,0.28,0.37,590586530,100,1.41664673523081,0.0839622641509434,205.635978412256,1.39183560582901,0,1,0,0,0,0,0,0,0,0,0,0,1,0,0,1,0,0,0,0,0,0,0,0,0,0,0,1,0,0,0,0,0,0,0,0,1,0,0
"Level_127",3846,5798,318,168,2718,1953,5.6,2.8,0.15,0.28,640397210,101,1.50754030161206,0.0860215053763441,235.613395879323,1.05640117680607,0,0,0,0,1,0,0,0,0,1,0,0,0,1,0,0,0,0,0,0,0,0,0,0,0,0,0,0,0,0,0,0,0,0,0,1,0,0,0
"Level_90052",4057,4622,249,134,2715,1970,3.5,1.7,0.07,0.12,194531456,102,1.13926546709391,0.0680203045685279,71.6506283609576,1.91327420887865,0,0,0,0,0,0,0,0,0,0,0,0,1,0,0,0,0,1,0,0,0,0,0,0,0,0,0,0,0,0,0,0,1,0,0,0,0,1,0
"Level_122",4189,4708,278,144,2782,2015,5.2,2.1,0.11,0.11,331883605,103,1.12389591788016,0.0714640198511166,119.296766714594,1.23338921590466,0,0,0,0,0,0,1,0,0,1,0,0,0,0,0,0,0,0,0,0,0,0,0,0,0,0,0,0,0,0,0,0,0,0,0,0,0,0,1
